start_frame,n_points,success,message,A,A_err,t_0,t_0_err,tau,tau_err,C,C_err,rss
99,2,True,ok,1750.0000055099142,inf,100.0,0.0,121846401.8536448,inf,58.0,0.0,16229402.642168948
99,3,True,ok,1901.333337995065,624.0678455889288,100.0,0.0,269654192.7406853,1.0144338877608168e+16,58.0,0.0,19600202.425231077
99,4,True,ok,1883.2500027164338,313.6019591972417,100.0,0.0,648962849.0170834,1.4496428804717956e+16,58.0,0.0,19168499.764037993
99,5,True,ok,1856.9058510814264,381.549592612596,100.0,0.0,34.38506729595601,103.24425415826914,58.0,0.0,10826174.49440473
99,6,True,ok,1967.7241876271432,399.0029541890171,100.0,0.0,11.499970125727632,10.305970904065806,58.0,0.0,4466762.643760042
99,7,True,ok,2045.2978401451371,397.3798346822315,100.0,0.0,8.090842432704553,4.587024387444236,58.0,0.0,2857875.8753752
99,8,True,ok,2104.4171991085805,393.0727994373279,100.0,0.0,6.679830477266667,2.8989216807827805,58.0,0.0,2305432.752400116
99,9,True,ok,2147.3791195329964,384.39311225058606,100.0,0.0,5.959490428599913,2.1657512250510984,58.0,0.0,2113445.8991807047
99,10,True,ok,2174.9583445404405,369.4427342273893,100.0,0.0,5.588971172017629,1.7761789236417647,58.0,0.0,2054221.9126362319
99,11,True,ok,2195.3138545553534,354.93379338743364,100.0,0.0,5.353483873461982,1.5336540866276964,58.0,0.0,2034809.9029611228
99,12,True,ok,2210.172226307238,340.9664252031069,100.0,0.0,5.1995876142480135,1.370011956592573,58.0,0.0,2031020.9880142126
100,2,True,ok,2154.500009266119,inf,101.0,0.0,112018764.48311828,inf,58.0,0.0,25891265.23102826
100,3,True,ok,2180.3265184484303,182.21068468947948,101.0,0.0,15.399329105990063,16.20576554016085,58.0,0.0,9055930.294489237
100,4,True,ok,2279.2289083455366,248.093320740028,101.0,0.0,6.653277043921223,3.082036207256455,58.0,0.0,2277454.347271753
100,5,True,ok,2349.252373927706,255.40301665485404,101.0,0.0,5.056798571132372,1.5464034006000476,58.0,0.0,1080322.9535783406
100,6,True,ok,2397.619983755657,249.41475524339748,101.0,0.0,4.4235172062459585,1.0416430396937797,58.0,0.0,752215.0078565121
100,7,True,ok,2436.1152705637724,246.06760434474953,101.0,0.0,4.0552784145497425,0.8135859215713698,58.0,0.0,628773.9749303992
100,8,True,ok,2463.9112148185372,240.30743696865164,101.0,0.0,3.838298624539256,0.6876588355731869,58.0,0.0,586258.4065494051
100,9,True,ok,2479.7098444661447,228.62793806231315,101.0,0.0,3.730481377058599,0.6032418468729378,58.0,0.0,574877.1908841954
100,10,True,ok,2490.9755808713544,218.06313117832588,101.0,0.0,3.6604080625037883,0.5458378634062192,58.0,0.0,571270.3385620306
100,11,True,ok,2498.7571309800555,208.27906609999383,101.0,0.0,3.6152545520645782,0.5039524251479544,58.0,0.0,570604.9633735517
101,2,True,ok,2204.0,inf,102.0,0.0,5.361800292611764,inf,58.0,0.0,1753747.8306248316
101,3,True,ok,2247.6339243872885,136.78044218790654,102.0,0.0,3.694169771402344,0.8270551031891559,58.0,0.0,386192.50901431177
101,4,True,ok,2278.38873543064,125.82994607387981,102.0,0.0,3.262633358546785,0.4680268146726875,58.0,0.0,191523.0386907143
101,5,True,ok,2299.6713687066886,116.70476466870109,102.0,0.0,3.069489995611651,0.3361481841015061,58.0,0.0,137713.61705392934
101,6,True,ok,2320.0527810531344,117.4823741519303,102.0,0.0,2.925548883164986,0.28664593803395494,58.0,0.0,112897.9597088163
101,7,True,ok,2335.4014911184145,117.21267860447492,102.0,0.0,2.833524902440517,0.25873563360095087,58.0,0.0,104428.45624966858
101,8,True,ok,2342.34351061409,110.07202732406145,102.0,0.0,2.796154262444376,0.2310284469690253,58.0,0.0,102737.13009524423
101,9,True,ok,2347.39894928379,104.35119659760373,102.0,0.0,2.7708686230740276,0.21235668554577433,58.0,0.0,102184.72445046678
101,10,True,ok,2350.807893144054,99.29429975266241,102.0,0.0,2.7547172358546903,0.19836447297019275,58.0,0.0,102085.3112059685
102,2,True,ok,1829.0,inf,103.0,0.0,2.536016858693326,inf,58.0,0.0,26097.413719361124
102,3,True,ok,1831.272218982757,8.47019103214525,103.0,0.0,2.4932667505932797,0.03299569177426718,58.0,0.0,20792.45129195241
102,4,True,ok,1834.3748892478397,11.154257178022597,103.0,0.0,2.4601772089236573,0.034069984776202836,58.0,0.0,17473.85865828506
102,5,True,ok,1843.8773221546603,31.288319563880258,103.0,0.0,2.3841907914978706,0.08092563271041514,58.0,0.0,12140.876644419783
102,6,True,ok,1852.344514092816,40.5700048114371,103.0,0.0,2.3276149056384052,0.09519706133675644,58.0,0.0,10204.109191241865
102,7,True,ok,1854.5567435257547,37.25817862115636,103.0,0.0,2.314413796893872,0.08379526082511038,58.0,0.0,10007.531907625704
102,8,True,ok,1856.6705994438548,35.5246332208749,103.0,0.0,2.302699554943402,0.0779219218485567,58.0,0.0,9914.942186972423
102,9,True,ok,1858.2409237000536,34.24127227323703,103.0,0.0,2.294447195144468,0.0740542462889078,58.0,0.0,9895.856488305482
103,2,True,ok,1233.0,inf,104.0,0.0,2.422532567280049,inf,58.0,0.0,15437.756160248957
103,3,True,ok,1234.3359526442616,5.102162650458666,104.0,0.0,2.387407854199852,0.027586003774516154,58.0,0.0,12977.346135938904
103,4,True,ok,1243.0797541670072,28.84778990188818,104.0,0.0,2.2582390480509695,0.11586099200878765,58.0,0.0,6814.345900234055
103,5,True,ok,1250.647024780193,35.54947414077211,104.0,0.0,2.1755878773548414,0.12175681616000042,58.0,0.0,5180.153149573353
103,6,True,ok,1251.5757202507764,30.75943129487794,104.0,0.0,2.1670213041007647,0.09913517020302741,58.0,0.0,5117.601041365646
103,7,True,ok,1253.062282124225,28.271343245808318,104.0,0.0,2.154630041156272,0.08789254910721349,58.0,0.0,5063.137331570801
103,8,True,ok,1254.3207244608168,26.75673119251998,104.0,0.0,2.144841190091954,0.08153331224907082,58.0,0.0,5049.962611201383
104,2,True,ok,816.0,inf,105.0,0.0,2.327463210398022,inf,58.0,0.0,10450.939611153532
104,3,True,ok,822.9505705449676,28.94032141442339,105.0,0.0,2.0771634895193642,0.19091037550066564,58.0,0.0,2881.798671772086
104,4,True,ok,828.5436049250636,29.299128309375536,105.0,0.0,1.9685249644630827,0.14840901135442022,58.0,0.0,2072.7629960499144
104,5,True,ok,827.5139949061569,23.991386918115406,105.0,0.0,1.9837497379763125,0.1121752428583023,58.0,0.0,2090.480354385363
104,6,True,ok,828.0660868390897,20.791642713587102,105.0,0.0,1.9766699248119655,0.0925071080027596,58.0,0.0,2078.456782663136
104,7,True,ok,828.8772122583968,19.053853141608712,105.0,0.0,1.9671748292529077,0.08247483078058059,58.0,0.0,2072.6016722295703
105,2,True,ok,531.0,inf,106.0,0.0,1.7111492259076988,inf,58.0,0.0,820.9180212443749
105,3,True,ok,532.3017958954657,6.446294483973745,106.0,0.0,1.6582150703904852,0.04838690949813086,58.0,0.0,1117.4052492835585
105,4,True,ok,528.1471574607104,17.61977143969868,106.0,0.0,1.7616286290006924,0.12299376907025654,58.0,0.0,714.0590933954288
105,5,True,ok,527.3544099546881,14.620430653634045,106.0,0.0,1.7777909922009747,0.09588828316057951,58.0,0.0,710.7547723860965
105,6,True,ok,527.6043688359956,12.66348732597385,106.0,0.0,1.773263795604962,0.08005180081059911,58.0,0.0,710.1884489968611
106,2,True,ok,296.0,inf,107.0,0.0,1.5457519290311816,inf,58.0,0.0,1671.7545349347981
106,3,True,ok,290.8216925613586,22.84321774989964,107.0,0.0,1.9137985220419813,0.3798250036023817,58.0,0.0,597.3000739451254
106,4,True,ok,290.76623619614014,15.871430909906799,107.0,0.0,1.9165093486057978,0.22183063775641707,58.0,0.0,598.6553099797247
106,5,True,ok,291.6877961266052,13.311142995400818,107.0,0.0,1.880460979740803,0.16697317541719114,58.0,0.0,589.357877702123
107,2,True,ok,155.0,inf,108.0,0.0,3.5555406112676713,inf,58.0,0.0,2164.780409660848
107,3,True,ok,158.87268120287794,14.63536310695626,108.0,0.0,2.432259509786914,0.632512625160613,58.0,0.0,527.7454721429463
107,4,True,ok,161.29718375295718,13.660564170569435,108.0,0.0,2.143867741255975,0.3952618859664492,58.0,0.0,412.95508580784315
108,2,True,ok,117.0,inf,109.0,0.0,1.5353905904558451,inf,58.0,0.0,7.859156987362139
108,3,True,ok,117.34247916731545,1.8898700327654891,109.0,0.0,1.47806829068713,0.05587139287206044,58.0,0.0,3.6889007461763352
109,2,True,ok,61.0,inf,110.0,0.0,1.344848763712582,inf,58.0,0.0,0.0
